{
  "chapters": [
    {
      "id": "1",
      "title": { "en": "Chapter 1: Foundations of Twin Science", "ar": "الفصل 1: أسس علم التوأمة" },
      "episodes": [
        {
          "id": "1.1",
          "title": { "en": "Episode 1.1: The Genesis", "ar": "الحلقة 1.1: النشأة" }
        },
        {
          "id": "1.2",
          "title": { "en": "Episode 1.2: Core Concepts", "ar": "الحلقة 1.2: المفاهيم الأساسية" }
        },
        {
          "id": "1.3",
          "title": { "en": "Episode 1.3: Digital Twins vs. Models", "ar": "الحلقة 1.3: التوائم الرقمية مقابل النماذج" }
        },
        {
          "id": "1.4",
          "title": { "en": "Episode 1.4: The Value Proposition", "ar": "الحلقة 1.4: القيمة المقترحة" }
        }
      ]
    },
    {
      "id": "2",
      "title": { "en": "Chapter 2: Architecture & Design", "ar": "الفصل 2: الهيكلية والتصميم" },
      "episodes": [
        {
          "id": "2.1",
          "title": { "en": "Episode 2.1: System Architecture", "ar": "الحلقة 2.1: هيكلية النظام" }
        },
        {
          "id": "2.2",
          "title": { "en": "Episode 2.2: Data Integration", "ar": "الحلقة 2.2: تكامل البيانات" }
        },
        {
          "id": "2.3",
          "title": { "en": "Episode 2.3: The Knowledge Graph", "ar": "الحلقة 2.3: الرسم البياني للمعرفة" }
        },
        {
          "id": "2.4",
          "title": { "en": "Episode 2.4: Security & Privacy", "ar": "الحلقة 2.4: الأمن والخصوصية" }
        }
      ]
    },
    {
      "id": "3",
      "title": { "en": "Chapter 3: Implementation Strategies", "ar": "الفصل 3: استراتيجيات التنفيذ" },
      "episodes": [
        {
          "id": "3.1",
          "title": { "en": "Episode 3.1: Planning Phase", "ar": "الحلقة 3.1: مرحلة التخطيط" }
        },
        {
          "id": "3.2",
          "title": { "en": "Episode 3.2: Execution & Monitoring", "ar": "الحلقة 3.2: التنفيذ والمراقبة" }
        },
        {
          "id": "3.3",
          "title": { "en": "Episode 3.3: Change Management", "ar": "الحلقة 3.3: إدارة التغيير" }
        },
        {
          "id": "3.4",
          "title": { "en": "Episode 3.4: Scaling Up", "ar": "الحلقة 3.4: التوسع" }
        }
      ]
    },
    {
      "id": "4",
      "title": { "en": "Chapter 4: Advanced Applications", "ar": "الفصل 4: تطبيقات متقدمة" },
      "episodes": [
        {
          "id": "4.1",
          "title": { "en": "Episode 4.1: AI Integration", "ar": "الحلقة 4.1: تكامل الذكاء الاصطناعي" }
        },
        {
          "id": "4.2",
          "title": { "en": "Episode 4.2: Predictive Analytics", "ar": "الحلقة 4.2: التحليلات التنبؤية" }
        },
        {
          "id": "4.3",
          "title": { "en": "Episode 4.3: Simulation & Optimization", "ar": "الحلقة 4.3: المحاكاة والتحسين" }
        },
        {
          "id": "4.4",
          "title": { "en": "Episode 4.4: Future Trends", "ar": "الحلقة 4.4: الاتجاهات المستقبلية" }
        }
      ]
    }
  ]
}
